,Interest Score,HST,XTN,neg,neu,pos,compound,sentiment
2020-03-02,7,,,-0.0925354645354645,0.8292767232767233,0.0781858141858141,-0.0572780219780219,negative
2020-03-03,7,-0.05344022554874972,-0.028092879396485082,-0.09500999000999,0.8174525474525475,0.0875484515484515,-0.0282718281718281,neutral
2020-03-04,7,0.007057189903409089,0.03168425135808017,-0.0958861138861138,0.821064935064935,0.083045954045954,-0.0378860139860139,neutral
2020-03-05,7,-0.0784863912617505,-0.06519398434302459,-0.0924345654345654,0.8221548451548452,0.0853996003996004,-0.0210576423576423,neutral
2020-03-06,7,0.023574177080572856,-0.005379419469760727,-0.0863356643356643,0.8337782217782218,0.0798771228771228,-0.0253364635364635,neutral
2020-03-09,30,-0.10326897023650483,-0.08557079903427811,-0.0986503496503496,0.8154835164835165,0.0858681318681318,-0.0387999000999001,neutral
2020-03-10,30,0.04556753973827443,0.052386977909647525,-0.0933266733266733,0.815020979020979,0.0916593406593406,-0.0091843156843156,neutral
2020-03-11,30,-0.08478603046966793,-0.056403078894096126,-0.0906093906093906,0.8208841158841159,0.0885014985014985,-0.0035866133866133,neutral
2020-03-12,30,-0.09004328525356131,-0.10891297840228853,-0.0955264735264735,0.8180049950049949,0.0864515484515484,-0.0168231768231768,neutral
2020-03-13,30,0.08563269257188444,0.06349963920193868,-0.1002567432567432,0.8152567432567432,0.0844915084915084,-0.022577922077922,neutral
2020-03-16,79,-0.15687992864075417,-0.09921432647900863,-0.0901368631368631,0.8144385614385615,0.0954105894105894,0.0181644355644355,neutral
2020-03-17,79,0.046777527507110284,0.050336416745541346,-0.0957492507492507,0.8043106893106893,0.0999470529470529,0.038061938061938,neutral
2020-03-18,79,-0.07547162842498834,-0.09252672324304467,-0.0886853146853146,0.8115984015984016,0.0997192807192807,0.0488373626373626,neutral
2020-03-19,79,0.11170783189887823,0.025359509037990113,-0.0948631368631368,0.8067972027972028,0.0983476523476523,0.0204667332667332,neutral
2020-03-20,79,0.028019318953092398,-0.025242265365973626,-0.0771078921078921,0.817008991008991,0.1058701298701298,0.0948098901098901,positive
2020-03-23,94,0.003759394789693671,0.003400498814330577,-0.0963716283716283,0.8161278721278721,0.0875004995004995,-0.0226330669330669,neutral
2020-03-24,94,0.04026211041333738,0.12043792644356843,-0.0997412587412587,0.80896003996004,0.0912997002997002,-0.0072657342657342,neutral
2020-03-25,94,0.09270933559628558,0.03420198316332135,-0.0954825174825174,0.8099590409590409,0.0945434565434565,0.0117781218781218,neutral
2020-03-26,94,0.02635911744436026,0.03239591905495742,-0.0963866133866133,0.8053246753246753,0.0982967032967033,0.0240645354645354,neutral
2020-03-27,94,-0.09470307396172917,-0.05142734019917894,-0.0946253746253746,0.8015864135864135,0.1037802197802197,0.0318560439560439,neutral
2020-03-30,96,0.012411378247956462,0.0020675431911727493,-0.1033156843156843,0.8045144855144855,0.0921538461538461,-0.0272901098901098,neutral
2020-03-31,96,-0.03327496601595792,-0.0002292141627242561,-0.0972277722277722,0.8058591408591408,0.0969320679320679,-0.0044282717282717,neutral
2020-04-01,96,-0.06884060068006304,-0.06328828474208592,-0.1133076923076923,0.7833816183816183,0.1033096903096903,-0.0264171828171828,neutral
2020-04-02,96,-0.07101163046677816,-0.005630343961506745,-0.1103796203796203,0.7979840159840159,0.0916543456543456,-0.0508710289710289,negative
2020-04-03,96,-0.05130887553212282,-0.02929588030527719,-0.1046333666333666,0.8044545454545454,0.0909180819180819,-0.0284045954045954,neutral
2020-04-06,85,0.1501103304291882,0.07811306093125059,-0.1035724275724275,0.7972507492507492,0.0991688311688311,-0.0103273726273726,neutral
2020-04-07,85,0.025911660471444664,0.02869915946538959,-0.0972947052947053,0.8032897102897103,0.0994065934065934,4.415584415584417e-05,neutral
2020-04-08,85,0.05332092337445138,0.03407275769641127,-0.101067932067932,0.7988471528471528,0.100082917082917,0.0093311688311688,neutral
2020-04-09,85,0.05772643031241054,0.028306031506935225,-0.1014885114885115,0.7984195804195804,0.100082917082917,0.0094238761238761,neutral
2020-04-13,68,-0.04198152866548055,-0.03397853400117612,-0.1086323676323676,0.7966483516483516,0.0946943056943057,-0.0358431568431568,neutral
2020-04-14,68,0.00262924920003349,0.01625118848375795,-0.1074375624375624,0.8017042957042957,0.0908481518481518,-0.0405613386613386,neutral
2020-04-15,68,-0.014860063711115368,-0.021248656917420505,-0.102054945054945,0.8108651348651349,0.0870789210789211,-0.0391101898101898,neutral
2020-04-16,68,-0.023957448695370198,-0.009400223383479345,-0.1007352647352647,0.8002707292707292,0.098996003996004,0.0039981018981018,neutral
2020-04-17,68,0.0336363532326438,0.0332128620978267,-0.0976873126873126,0.8090749250749251,0.0932277722277722,0.0083456543456543,neutral
2020-04-20,65,-0.050131899785519685,-0.02995842872509613,-0.1034535464535464,0.8093726273726274,0.0871738261738261,-0.0549997002997003,negative
2020-04-21,65,-0.02222220063700142,-0.013976531184719754,-0.1045184815184815,0.8045534465534466,0.0909180819180819,-0.0334061938061938,neutral
2020-04-22,65,0.005681767382406999,0.00022858530291558488,-0.099013986013986,0.803,0.0979670329670329,0.0051514485514485,neutral
2020-04-23,65,0.017890822608762624,0.014400024414062518,-0.0967652347652347,0.8109210789210789,0.0923176823176823,-0.007721978021978,neutral
2020-04-24,65,0.026827007455686225,0.01960340042690567,-0.0987292707292707,0.8055944055944056,0.0956773226773226,-0.0010750249750249,neutral
2020-04-27,57,0.04234227902722476,0.035359082301018585,-0.0872607392607392,0.8094965034965035,0.1032397602397602,0.0448128871128871,neutral
2020-04-28,57,0.010371641203479331,0.02070440239691651,-0.0895054945054945,0.8101598401598402,0.1003486513486513,0.0392113886113886,neutral
2020-04-29,57,0.07527802788954974,0.03994144415728296,-0.1032267732267732,0.8081448551448551,0.0886233766233766,-0.0445468531468531,neutral
2020-04-30,57,-0.020684111497200397,-0.033983483657055835,-0.1015854145854145,0.7948491508491509,0.1035664335664335,0.0237520479520479,neutral
2020-05-01,57,-0.07067431434421412,-0.03351375061758555,-0.0901078921078921,0.8098601398601399,0.100028971028971,0.0139675324675324,neutral
2020-05-04,53,-0.028846148235173064,-0.016584114854675924,-0.1015634365634365,0.7968721278721278,0.1015584415584415,0.001622977022977,neutral
2020-05-05,53,-0.012601205578282482,0.007446345898469486,-0.1007962037962037,0.8039030969030968,0.0952937062937063,-0.0158057942057942,neutral
2020-05-06,53,-0.04010943695052338,-0.012608735457710574,-0.1053656343656343,0.8030589410589412,0.0915824175824175,-0.0427295704295704,neutral
2020-05-07,53,0.04938276077400672,0.020035308207730473,-0.1008791208791208,0.7999370629370629,0.0991948051948052,-0.0186386613386613,neutral
2020-05-08,53,0.0009049980732327434,0.04036259136582454,-0.1001898101898102,0.8013636363636363,0.0984455544455544,0.0050916083916083,neutral
2020-05-11,54,-0.08047019073744288,-0.009751062515843456,-0.099023976023976,0.8032027972027973,0.0977592407592407,-0.0019205794205794,neutral
2020-05-12,54,-0.03343167650317169,-0.03163625258778824,-0.0968871128871129,0.8069160839160838,0.0962077922077922,5.414585414585484e-05,neutral
2020-05-13,54,-0.038657183864722944,-0.027477291739983922,-0.0947522477522477,0.8064155844155844,0.0988521478521478,0.0326308691308691,neutral
2020-05-14,54,0.06243387984086857,0.0031145581150660018,-0.1051878121878121,0.7997432567432566,0.095075924075924,-0.006816983016983,neutral
2020-05-15,54,0.001992077474070042,-0.0062097755233829766,-0.1014735264735264,0.8033156843156842,0.0952097902097902,-0.0176083916083916,neutral
2020-05-18,52,0.17097407968299327,0.07587586714978789,-0.1004935064935065,0.8003956043956044,0.099085914085914,0.0029633366633366,neutral
2020-05-19,52,-0.019524579579792256,-0.012860380494893131,-0.1012617382617382,0.8084225774225774,0.0903166833166833,-0.0417153846153846,neutral
2020-05-20,52,-0.0008658206681120273,0.02500522426756646,-0.1035834165834165,0.801064935064935,0.0953356643356643,0.0043027972027972,neutral
2020-05-21,52,-0.009532032672518564,0.002255035118989168,-0.1032067932067932,0.8038531468531469,0.0929470529470529,-0.0197710289710289,neutral
2020-05-22,52,-0.017497879055076493,0.005931702171154907,-0.0977622377622377,0.8085654345654346,0.0936743256743256,-0.0098585414585414,neutral
2020-05-26,47,0.08370441428089559,0.04188697357682236,-0.1039160839160839,0.8003966033966032,0.0956933066933066,-0.0218004995004995,neutral
2020-05-27,47,0.028759275207524082,0.034738460596985155,-0.1013836163836163,0.8068121878121878,0.0917912087912088,-0.0234923076923076,neutral
2020-05-28,47,-0.03913743665150027,-0.018106357528936745,-0.1104785214785214,0.7941758241758242,0.0953406593406593,-0.0430746253746253,neutral
2020-05-29,47,-0.007481309608114328,0.0026891929687935523,-0.1227942057942058,0.7842207792207794,0.0929950049950049,-0.0858647352647352,negative
2020-06-01,39,0.02596318513494844,0.005747111737085309,-0.1325904095904095,0.7744205794205794,0.093002997002997,-0.1248121878121878,negative
2020-06-02,39,0.002448957793566686,0.012190464564732162,-0.1499210789210789,0.7674065934065933,0.0826773226773226,-0.2222656343656344,negative
2020-06-03,39,0.026872958540872016,0.03199098198090322,-0.1198961038961039,0.7951518481518481,0.0849400599400599,-0.0991230769230769,negative
2020-06-04,39,0.035686024995343235,0.026622886221924214,-0.1195784215784215,0.7919300699300699,0.0884885114885114,-0.1096712287712287,negative
2020-06-05,39,0.07274117754530818,0.026998232297720914,-0.1096663336663336,0.795966033966034,0.0943786213786213,-0.0488592407592407,neutral
2020-06-08,42,0.05781580676012821,0.021964726123603784,-0.1103286713286713,0.7988441558441559,0.0908091908091908,-0.055283916083916,negative
2020-06-09,42,-0.024966254600416904,-0.0277542627418087,-0.1031948051948052,0.8046823176823178,0.0921008991008991,-0.0178207792207792,neutral
2020-06-10,42,-0.08027680710890628,-0.027154070540889585,-0.1137092907092907,0.798983016983017,0.0873036963036963,-0.0629063936063936,negative
2020-06-11,42,-0.08427388177380557,-0.08409377016042618,-0.1047572427572427,0.8030319680319681,0.0921968031968031,-0.0361452547452547,neutral
2020-06-12,42,0.03861957798540416,0.032037570782235125,-0.0972767232767232,0.8114625374625374,0.0912537462537462,-0.0089398601398601,neutral
2020-06-15,51,-0.0150316874127292,0.013439315916421224,-0.1083516483516483,0.8006733266733267,0.0909720279720279,-0.0297591408591408,neutral
2020-06-16,51,0.028915712117814962,0.014755339970459858,-0.1077482517482517,0.7945534465534465,0.0976823176823176,-0.0217512487512487,neutral
2020-06-17,51,-0.039032004966551015,-0.0011043874704366186,-0.1042147852147852,0.8040859140859141,0.0916973026973027,-0.0311056943056943,neutral
2020-06-18,51,-0.008935873810066663,0.001474074363048583,-0.1019440559440559,0.8086823176823178,0.0893746253746253,-0.0297373626373626,neutral
2020-06-19,51,-0.04344260174239423,-0.01858322630890441,-0.0983956043956044,0.8113786213786213,0.0902247752247752,-0.0208932067932067,neutral
2020-06-22,70,-0.03256213470065328,-0.010873675091779056,-0.1049770229770229,0.7995384615384615,0.0954885114885114,-0.0269927072927072,neutral
2020-06-23,70,-0.004428714871904771,0.011561801170539399,-0.1084455544455544,0.7991598401598401,0.0923776223776223,-0.049541958041958,neutral
2020-06-24,70,-0.02313169343205168,-0.04234585660040202,-0.1032737262737262,0.7975014985014984,0.0992207792207792,-0.0115320679320679,neutral
2020-06-25,70,-0.010928951781599139,0.007630588632187463,-0.1050909090909091,0.7996373626373626,0.0952627372627372,-0.0311621378621378,neutral
2020-06-26,70,-0.011049713568388575,-0.02019419253451149,-0.1105154845154845,0.7946073926073927,0.0948801198801198,-0.0465531468531468,neutral
2020-06-29,79,0.02048419662171974,0.03606816741667873,-0.1078901098901098,0.7976923076923077,0.0944085914085914,-0.0436664335664335,neutral
2020-06-30,79,-0.015510955812249039,0.011094143928793931,-0.1068151848151848,0.7993616383616384,0.0938311688311688,-0.0397091908091908,neutral
2020-07-01,79,0.009267875979913631,-0.010972414384367357,-0.1138041958041958,0.7775084915084914,0.1086893106893106,-0.0148107892107892,neutral
2020-07-02,79,0.005509592658476947,0.008607512881535495,-0.1074165834165834,0.7953216783216783,0.0972647352647352,-0.0208885114885115,neutral
2020-07-06,79,0.023744313553488938,0.022378158835950845,-0.1143006993006992,0.7886013986013986,0.097084915084915,-0.0550441558441558,negative
2020-07-07,79,-0.03300623410347847,-0.012057160595783434,-0.1089790209790209,0.7941348651348652,0.0968791208791208,-0.0264646353646353,neutral
2020-07-08,79,-0.010147657638667207,0.006759305702155993,-0.1125524475524475,0.7945114885114886,0.0929260739260739,-0.0605078921078921,negative
2020-07-09,79,-0.020503198764222907,-0.025363682160441936,-0.1064415584415584,0.8022737262737263,0.0912797202797202,-0.0391334665334665,neutral
2020-07-10,79,0.03139865999233793,0.028702641564799736,-0.1077702297702297,0.7993476523476523,0.0928841158841159,-0.0409514485514485,neutral
2020-07-13,85,-0.0018450606533337854,-0.014322854670886231,-0.1073016983016982,0.7954655344655345,0.0972377622377622,-0.0225463536463536,neutral
2020-07-14,85,-0.019408506845654205,0.014530979782537035,-0.1117842157842157,0.7946523476523476,0.0935764235764235,-0.0486004995004994,neutral
2020-07-15,85,0.0951932386016816,0.042782796197308626,-0.1084375624375624,0.7947782217782218,0.0967852147852147,-0.0355212787212787,neutral
2020-07-16,85,-0.031841642788560165,-0.006600120184055425,-0.1008471528471528,0.8084035964035964,0.0907492507492507,-0.021373926073926,neutral
2020-07-17,85,-0.021333312988281228,0.008978272801755782,-0.1106193806193806,0.7974795204795204,0.0918871128871128,-0.0348542457542457,neutral
2020-07-20,73,-0.03723885911796643,-0.01672893129885522,-0.1008141858141858,0.8078531468531469,0.0913456543456543,-0.0121957042957042,neutral
2020-07-21,73,0.02735848598269741,0.005429850444534701,-0.1102977022977023,0.7881398601398601,0.1015624375624375,-0.0166180819180819,neutral
2020-07-22,73,-0.0018365892684232277,-0.00774077967743525,-0.1108061938061938,0.7968571428571428,0.0923396603396603,-0.0369177822177822,neutral
2020-07-23,73,-0.012879516540634572,0.001632803961028939,-0.1093406593406593,0.7964825174825175,0.0941678321678321,-0.0477324675324675,neutral
2020-07-24,73,-0.021435186584210397,-0.00978085354975522,-0.1004455544455544,0.8033326673326673,0.0962187812187812,-0.0016150849150849,neutral
2020-07-27,72,-0.017142886207217267,0.005121686544214965,-0.1113086913086913,0.7905024975024975,0.0981908091908091,-0.0149350649350649,neutral
2020-07-28,72,0.019379919462571227,-0.010555083221142847,-0.1076903096903097,0.7977902097902098,0.0945274725274725,-0.0230255744255744,neutral
2020-07-29,72,0.04752851504212674,0.009380212364348273,-0.1072467532467532,0.7967312687312688,0.096014985014985,-0.0319160839160839,neutral
2020-07-30,72,-0.01633396530841069,-0.005284273139269935,-0.1136753246753246,0.7958601398601398,0.0904855144855144,-0.0421541458541458,neutral
2020-07-31,72,-0.00553509398266705,-0.0016486563901140228,-0.1195674325674325,0.7851448551448552,0.0952867132867132,-0.0687395604395604,negative
2020-08-03,63,-0.0435991952687137,0.0022018152639406985,-0.104078921078921,0.8011178821178822,0.0948021978021978,-0.0314388611388611,neutral
2020-08-04,63,0.058195868416629715,0.014280531110351324,-0.1102387612387612,0.7948251748251748,0.0949430569430569,-0.0249636363636363,neutral
2020-08-05,63,-0.0018331351392364414,0.014620894156751607,-0.1079240759240759,0.7973796203796204,0.0946833166833166,-0.0522885114885114,negative
2020-08-06,63,-0.011937567524561876,0.0065825076073384725,-0.1044905094905094,0.7993926073926074,0.0961158841158841,-0.0169000999000999,neutral
2020-08-07,63,0.0687732114662849,0.014492747760466607,-0.1076413586413586,0.7937312687312689,0.0986123876123876,-0.0149004995004994,neutral
2020-08-10,55,0.03304348821225367,0.03031355082778253,-0.1105724275724275,0.7895054945054946,0.0999130869130869,-0.0045653346653346,neutral
2020-08-11,55,-0.017676770717510726,0.005241822395846585,-0.0992797202797202,0.8085254745254746,0.0921938061938062,-0.0115305694305694,neutral
2020-08-12,55,-0.008569012923390074,0.0031959398531653527,-0.1021718281718281,0.8047102897102898,0.093087912087912,-0.0065672327672327,neutral
2020-08-13,55,-0.02592906179545973,-0.010395689775818062,-0.1038881118881119,0.8085754245754246,0.0875444555444555,-0.041451948051948,neutral
2020-08-14,55,-0.0017746634384467885,0.0011860334510556125,-0.1096553446553446,0.7894485514485514,0.1008931068931068,-0.0010863136863136,neutral
2020-08-17,52,-0.0319999694824219,-0.00947709209417713,-0.0992797202797202,0.7987712287712289,0.1019540459540459,0.0183865134865134,neutral
2020-08-18,52,-0.010101065829535072,-0.0056381005166559195,-0.0984155844155844,0.8043066933066935,0.0972777222777222,-0.0043816183816183,neutral
2020-08-19,52,0.00092766503984687,0.004982833534806552,-0.1013816183816183,0.7990549450549451,0.0995824175824175,0.0130207792207792,neutral
2020-08-20,52,-0.004633937989956816,0.003248394960790879,-0.1059050949050949,0.7936563436563437,0.1004495504495504,-0.0056441558441558,neutral
2020-08-21,52,-0.013035325198509029,0.0005112266383922037,-0.1049050949050949,0.7912047952047951,0.1038881118881118,0.0184957042957042,neutral
2020-08-24,45,0.0462263918381316,0.022653753224234574,-0.1162987012987012,0.7885754245754246,0.0951368631368631,-0.0570176823176823,negative
2020-08-25,45,0.01893598153810383,-0.0026648874912114096,-0.1055984015984015,0.7985474525474525,0.0958341658341658,-0.0176794205794205,neutral
2020-08-26,45,-0.025663713005138256,-0.0010020269241939328,-0.1057822177822177,0.7920639360639361,0.1021608391608391,-0.0011685314685314,neutral
2020-08-27,45,0.029064458507892077,0.01337344100872273,-0.1166323676323676,0.7886563436563436,0.0947292707292707,-0.0514235764235764,negative
2020-08-28,45,0.03177402110339034,0.013691881321002963,-0.1112907092907092,0.7977892107892107,0.0909110889110889,-0.0561707292707292,negative
2020-08-31,49,-0.03934987636089293,-0.015297028962335979,-0.1084195804195804,0.7996863136863137,0.0918801198801198,-0.0490716283716283,neutral
2020-09-01,49,0.00445237691656275,0.00842839448648558,-0.1078551448551448,0.7991028971028971,0.093040959040959,-0.0538495504495504,negative
2020-09-02,49,0.012411378247956462,0.0108161232786117,-0.1079650349650349,0.7951618381618382,0.0968541458541458,-0.031768931068931,neutral
2020-09-03,49,0.013134817646949681,-0.021562934897441655,-0.1006593406593406,0.8036523476523477,0.0956923076923076,-0.0191597402597402,neutral
2020-09-04,49,0.03197924765068061,0.004639645419613592,-0.1081808191808191,0.793915084915085,0.0979010989010989,-0.0063278721278721,neutral
2020-09-08,44,-0.025125565125934113,-0.004618218523195661,-0.1146143856143856,0.7946793206793206,0.0906893106893106,-0.0386913086913086,neutral
2020-09-09,44,0.0008590442364768691,0.008947819870433138,-0.1083926073926073,0.80301998001998,0.0886033966033966,-0.0340824175824175,neutral
2020-09-10,44,-0.021459228170476075,-0.004926904911606078,-0.1295264735264735,0.7815984015984015,0.0888721278721278,-0.1443605394605394,negative
2020-09-11,44,-0.02368416781790772,0.0001650160341313267,-0.126086913086913,0.7835104895104896,0.0904255744255744,-0.0998110889110889,negative
2020-09-14,41,0.07097933097305376,0.006765674220061246,-0.1076133866133866,0.7918351648351648,0.1005464535464535,0.0014448551448551,neutral
2020-09-15,41,0.008389293693764621,0.007211972684991075,-0.1150939060939061,0.7895044955044955,0.0954045954045954,-0.0316081918081918,neutral
2020-09-16,41,0.0033277837212719596,0.0063466132596641245,-0.1179010989010989,0.7892427572427574,0.0928451548451548,-0.047416983016983,neutral
2020-09-17,41,-0.03399674849260548,-0.0019404743141764325,-0.1182047952047952,0.7935934065934065,0.0881918081918081,-0.0661260739260739,negative
2020-09-18,41,-0.04291845634095204,-0.018956609859076212,-0.1142367632367632,0.7954935064935065,0.0902497502497502,-0.0557951048951048,negative
2020-09-21,42,-0.05919281345223104,-0.038976063420114615,-0.1299200799200799,0.7802977022977022,0.0898031968031968,-0.0710953046953046,negative
2020-09-22,42,-0.008579614351916898,0.002749610778280287,-0.1058701298701298,0.7958991008991009,0.0982277722277722,-0.0068604395604395,neutral
2020-09-23,42,-0.015384601277006582,-0.014567240725774422,-0.1153686313686313,0.7842247752247753,0.1003916083916083,-0.0431043956043956,neutral
2020-09-24,42,-0.004882831235591301,-0.003999992038892675,-0.109056943056943,0.7953866133866134,0.0955624375624375,-0.0313290709290709,neutral
2020-09-25,42,0.044161018790005224,0.011698937726383196,-0.1054255744255744,0.7994225774225774,0.0951508491508491,-0.0099983016983017,neutral
2020-09-28,54,0.02725563463304015,0.023127376326346427,-0.1119350649350649,0.7941018981018981,0.0939580419580419,-0.0528026973026972,negative
2020-09-29,54,-0.01829833095656408,-0.015856927227827056,-0.094075924075924,0.805904095904096,0.10003996003996,0.0398280719280719,neutral
2020-09-30,54,0.005591838040674757,-0.003256747106822888,-0.102042957042957,0.8038341658341658,0.0941268731268731,-0.0191363636363636,neutral
2020-10-01,54,0.03243747754468185,0.004815112157344759,-0.1036563436563436,0.792877122877123,0.1034765234765234,-0.0170458541458541,neutral
2020-10-02,54,0.013464956365121017,0.01625878415159443,-0.106075924075924,0.7973656343656343,0.0965544455544455,-0.0245987012987013,neutral
2020-10-05,56,0.007971669875286524,0.01178849360639922,-0.1094325674325674,0.7972687312687313,0.0933076923076923,-0.06061998001998,negative
2020-10-06,56,-0.007029870202245103,-0.012150521549356252,-0.1087792207792207,0.7934355644355645,0.0977892107892108,-0.0500474525474525,negative
2020-10-07,56,0.027433580593791307,0.023925897559403442,-0.1012407592407592,0.8012247752247752,0.0975384615384615,-0.0162065934065934,neutral
2020-10-08,56,0.020671897664910732,0.012835260382118685,-0.1016283716283716,0.7991958041958042,0.0991848151848151,0.0006732267732267,neutral
2020-10-09,56,-0.022784848022948667,0.004711631504825897,-0.094024975024975,0.8087482517482517,0.0972317682317682,0.0038265734265734,neutral
2020-10-12,48,-0.007772033953441282,-0.002425639157645265,-0.1081638361638361,0.7906643356643356,0.1011788211788211,0.0062251748251748,neutral
2020-10-13,48,-0.027850278607366552,-0.010374443246807696,-0.0964645354645354,0.8037272727272726,0.0997942057942058,0.0222587412587412,neutral
2020-10-14,48,-0.01969563702114152,0.008517616122229343,-0.0988241758241758,0.7984275724275725,0.1027502497502497,0.0220722277722277,neutral
2020-10-15,48,0.006392753398891005,0.004060419055370135,-0.0979140859140859,0.8048501498501498,0.0972227772227772,0.0076445554445554,neutral
2020-10-16,48,-0.006352145697890554,-0.01099968147092556,-0.1012457542457542,0.8064135864135863,0.0923176823176823,-0.0076198801198801,neutral
2020-10-19,52,-0.025570752314924672,-0.00981351782974793,-0.1031578421578421,0.7924845154845155,0.1043456543456543,0.0073933066933066,neutral
2020-10-20,52,0.010309246100348002,0.018665299575972627,-0.1069170829170829,0.7970569430569431,0.096028971028971,-0.0300341658341658,neutral
2020-10-21,52,0.02411876023397408,-0.01037780782634623,-0.1174865134865135,0.782843156843157,0.0996563436563436,-0.0547955044955045,negative
2020-10-22,52,0.039855034592721994,0.026052763958554603,-0.107080919080919,0.7937422577422578,0.0991828171828172,-0.0167514485514485,neutral
2020-10-23,52,0.013937352566762984,0.006228032518375892,-0.0988941058941058,0.8075094905094905,0.0936003996003996,-0.0105812187812187,neutral
2020-10-26,56,-0.038659858218783816,-0.03126483825556026,-0.1062707292707292,0.790046953046953,0.1036653346653346,-0.0117905094905094,neutral
2020-10-27,56,-0.029490610909812975,-0.019823051545283632,-0.1088681318681318,0.7976123876123876,0.0935184815184815,-0.0520203796203796,negative
2020-10-28,56,-0.03775320997915699,-0.039779391530619934,-0.1133496503496503,0.7905254745254745,0.0961208791208791,-0.0472645354645354,neutral
2020-10-29,56,0.00669862677284172,0.026457796998746286,-0.1086313686313686,0.7960689310689311,0.0952957042957043,-0.0324250749250749,neutral
2020-10-30,56,-0.003802368230680364,-0.006783135791058381,-0.1078441558441558,0.7964195804195805,0.0957372627372627,-0.0252278721278721,neutral
2020-11-02,49,0.043893135328211486,0.006487981391415598,-0.1143956043956044,0.7864425574425575,0.0991418581418581,-0.0448108891108891,neutral
2020-11-03,49,0.04021942878741869,0.026123848949896944,-0.1126093906093906,0.782846153846154,0.1045504495504495,-0.0133768231768231,neutral
2020-11-04,49,-0.03427068008794254,-0.004298266308744747,-0.1058341658341658,0.7915734265734266,0.1026023976023976,-0.0079153846153846,neutral
2020-11-05,49,-0.005459460163053098,0.033372109438934316,-0.1045844155844155,0.7978291708291708,0.0975844155844155,-0.0113766233766233,neutral
2020-11-06,49,-0.04025622340095081,-0.009961483448939767,-0.1086103896103896,0.7972397602397603,0.0941558441558441,-0.0473126873126873,neutral
2020-11-09,78,0.30028604775353784,0.07286598111483378,-0.1035244755244755,0.7988201798201798,0.0976733266733266,-0.0077743256743256,neutral
2020-11-10,78,-0.01906159987811984,0.004537937513055201,-0.0968601398601398,0.8029510489510489,0.1001938061938062,0.0359055944055944,neutral
2020-11-11,78,-0.04185354370903893,-0.014455754569020263,-0.106013986013986,0.79899000999001,0.0949920079920079,-0.0074743256743256,neutral
2020-11-12,78,-0.04758187762855559,-0.019556895935520013,-0.1088061938061938,0.7959480519480518,0.0952457542457542,-0.0357852147852147,neutral
2020-11-13,78,0.08517608178573455,0.03381639755126975,-0.1065114885114885,0.797942057942058,0.0955484515484515,-0.0256532467532467,neutral
2020-11-16,100,0.036226380546138026,0.030147725511068257,-0.1091988011988012,0.7917642357642358,0.099045954045954,-0.0214685314685314,neutral
2020-11-17,100,0.029861676238602808,0.0024876471678354495,-0.1117302697302697,0.7972837162837163,0.090983016983017,-0.0595368631368631,negative
2020-11-18,100,0.0007071623030221463,-0.0016056138800408792,-0.107031968031968,0.7791648351648351,0.1138051948051948,-0.0075197802197802,neutral
2020-11-19,100,0.021201427478626522,0.001608196021895436,-0.1166013986013986,0.7898771228771229,0.0935104895104895,-0.048498001998002,neutral
2020-11-20,100,-0.020761259148426192,-0.01488839936733155,-0.1089770229770229,0.7917492507492508,0.0992657342657342,-0.0224917082917083,neutral
2020-11-23,80,0.03957600245326831,0.018817666508516906,-0.1161688311688311,0.7875664335664335,0.0962647352647352,-0.0582237762237762,negative
2020-11-24,80,0.008157708038605715,0.03635834674709404,-0.1113996003996004,0.7902037962037962,0.0984055944055944,-0.0158294705294705,neutral
2020-11-25,80,-0.006743114091988245,-0.00449059339364688,-0.1095934065934065,0.7922857142857143,0.0981228771228771,-0.0139702297702297,neutral
2020-11-27,80,-0.007467729809619961,-0.0040879744227084736,-0.109035964035964,0.7688041958041959,0.1221598401598401,0.0703105894105894,positive
2020-11-30,78,-0.04035568790740307,-0.014437427465409325,-0.1099700299700299,0.7936143856143855,0.0964135864135864,-0.0246777222777222,neutral
2020-12-01,78,0.03421243799332507,0.00976591026854301,-0.1102207792207792,0.785028971028971,0.1047192807192807,0.0024303696303696,neutral
2020-12-02,78,0.02687797267378067,0.006826957383031962,-0.1002977022977023,0.8019470529470529,0.0977512487512487,0.0094837162837162,neutral
2020-12-03,78,0.014093962652576675,0.015538896170289807,-0.1013546453546453,0.7898661338661339,0.1087662337662337,0.0372283716283716,neutral
2020-12-04,78,0.03573792019342603,0.014605690091423318,-0.110061938061938,0.7849250749250749,0.105,0.0079595404595404,neutral
2020-12-07,86,-0.030670898015102033,-0.005346851886408044,-0.1089790209790209,0.7878331668331668,0.1031948051948052,-0.029830969030969,neutral
2020-12-08,86,-0.0019775697310688845,0.0028945427379629685,-0.1071658341658341,0.8031338661338662,0.0896823176823176,-0.036635964035964,neutral
2020-12-09,86,0.002642005346497056,0.0,-0.1063246753246753,0.7948501498501498,0.0988301698301698,-0.0121616383616383,neutral
2020-12-10,86,-0.0230566781576671,0.004398016567194185,-0.1083296703296703,0.7942147852147853,0.0974675324675324,-0.0160060939060939,neutral
2020-12-11,86,-0.021577862202999287,-0.010810083411788352,-0.10701998001998,0.7943056943056943,0.0986703296703296,-0.0136823176823176,neutral
2020-12-14,83,-0.03308066770083262,-0.019643078585717788,-0.1128471528471528,0.7908691308691308,0.0962777222777222,-0.020707992007992,neutral
2020-12-15,83,0.03421243799332507,0.012699221978339503,-0.0948411588411588,0.8049970029970029,0.1001578421578421,0.0288413586413586,neutral
2020-12-16,83,-0.006202629301738205,-0.0026472735251280577,-0.1041308691308691,0.7984075924075923,0.0974645354645354,-0.0123414585414585,neutral
2020-12-17,83,-0.009015264476637141,0.00810284739058309,-0.1037442557442557,0.8001078921078922,0.0961288711288711,6.883116883116813e-05,neutral
2020-12-18,83,-0.013995787949547478,-0.0031874077780066346,-0.1096333666333666,0.7902057942057943,0.1001508491508491,-0.0202701298701298,neutral
2020-12-21,87,-0.022711120749380864,-0.01167807540277066,-0.1008041958041958,0.7980749250749252,0.1011178821178821,0.0073807192807192,neutral
2020-12-22,87,-0.01089328737966877,-0.004219938638587162,-0.1061998001998002,0.7916263736263736,0.1021768231768231,0.004550949050949,neutral
2020-12-23,87,0.03083701026600294,0.009040816236351557,-0.1044405594405594,0.7907712287712287,0.1047902097902097,0.0045682317682317,neutral
2020-12-24,87,0.011396000558891117,-0.0005600016149579501,-0.1103236763236763,0.7804595404595405,0.1092177822177822,0.0191704295704295,neutral
2020-12-28,87,0.025352155999091686,0.0022412615699303196,-0.1066923076923077,0.7811448551448551,0.1121818181818181,0.0018818181818181,neutral
2020-12-29,87,-0.014423079127390603,-0.007127912152030902,-0.1106223776223776,0.7868811188811188,0.1025014985014985,-0.0054506493506493,neutral
2020-12-30,87,0.01742160232433343,0.00633441641952226,-0.1096493506493506,0.7925374625374625,0.0978031968031968,0.0014093906093906,neutral
2020-12-31,87,0.0020547761772162776,-0.00167848819097971,-0.1136523476523476,0.7892277722277723,0.0971138861138861,-0.0287531468531468,neutral
2021-01-04,87,-0.03280932960737626,-0.025220722747471336,-0.110041958041958,0.7967982017982018,0.0931698301698301,-0.0509141858141858,negative
2021-01-05,87,-0.014134262519924334,0.01638636473550603,-0.1142837162837162,0.7936723276723276,0.092026973026973,-0.0510834165834165,negative
2021-01-06,87,0.05734768470774676,0.02955740339903512,-0.110024975024975,0.7957652347652348,0.0942117882117882,-0.0248606393606393,neutral
2021-01-07,87,-0.00474574202198097,0.009477950317133388,-0.1219730269730269,0.7822087912087912,0.0958271728271728,-0.0921005994005994,negative
2021-01-08,87,0.0027247929851148545,-0.001632808826718679,-0.1166263736263736,0.7833186813186813,0.100053946053946,-0.0386014985014985,neutral
2021-01-11,90,-0.02377719939677514,-0.0035437116873023866,-0.10907992007992,0.791051948051948,0.0998541458541458,-0.0278758241758241,neutral
2021-01-12,90,0.01530969163401985,0.01860211460809369,-0.1051728271728271,0.798953046953047,0.0958821178821179,-0.0243171828171828,neutral
2021-01-13,90,0.01096640477990185,-0.007654084671422812,-0.1117922077922077,0.7932077922077921,0.095006993006993,-0.0304773226773226,neutral
2021-01-14,90,0.01762713416148043,0.019756414808210554,-0.1092447552447552,0.7956303696303696,0.0951318681318681,-0.0325322677322677,neutral
2021-01-15,90,-0.021319163465620683,-0.02016990791069806,-0.0994405594405594,0.8047362637362637,0.0958351648351648,0.0151567432567432,neutral
2021-01-19,85,0.004765190639760997,0.004604604335695095,-0.1106663336663336,0.7905324675324676,0.0988161838161838,-0.0070810189810189,neutral
2021-01-20,85,0.012872600097357578,0.01860336003964247,-0.1172057942057942,0.7790419580419581,0.1037622377622377,-0.0366544455544455,neutral
2021-01-21,85,-0.020735750494810246,-0.01363153537026196,-0.1121898101898101,0.7873296703296703,0.1004775224775224,-0.0504090909090909,negative
2021-01-22,85,-0.015027340291637992,-0.004025163387586406,-0.1057102897102897,0.7907192807192807,0.1035634365634365,0.0077111888111888,neutral
2021-01-25,82,-0.036754488915883954,-0.004580411584386601,-0.0969750249750249,0.788001998001998,0.115016983016983,0.0490848151848151,neutral
2021-01-26,82,-0.02807777780295273,-0.009744230973751988,-0.1003796203796203,0.7983566433566434,0.1012637362637362,0.0132858141858141,neutral
2021-01-27,82,0.007407435664424256,-0.031023598467572966,-0.1224475524475524,0.7806033966033966,0.0969640359640359,-0.0365984015984015,neutral
2021-01-28,82,0.047794088257226086,0.009873017393189798,-0.1074105894105894,0.800036963036963,0.0925474525474525,-0.0313380619380619,neutral
2021-01-29,82,-0.04912279363264116,-0.024441341302996245,-0.1051038961038961,0.7991328671328671,0.0957462537462537,-0.0136146853146853,neutral
2021-02-01,76,0.006642077588266737,0.01603439901286441,-0.105022977022977,0.7974525474525475,0.0975094905094905,-0.0185255744255744,neutral
2021-02-02,76,0.04032252369625411,0.01662674770860173,-0.1013956043956044,0.7985804195804196,0.100008991008991,0.0076126873126873,neutral
2021-02-03,76,0.0,0.0083159869914331,-0.1071768231768231,0.7964085914085913,0.0964155844155844,0.0046596403596403,neutral
2021-02-04,76,-0.0042282922985655835,0.02694156817144555,-0.1017962037962038,0.8016173826173826,0.0965704295704295,-0.006571928071928,neutral
2021-02-05,76,0.004953976946729055,0.003480151779100993,-0.0967092907092907,0.8036213786213786,0.0996763236763236,0.0271565434565434,neutral
2021-02-08,72,0.007042280479784058,0.02040814665045465,-0.080085914085914,0.7857812187812188,0.1341288711288711,0.1407911088911088,positive
2021-02-09,72,-0.030069951009817686,0.006928088618259887,-0.1039830169830169,0.7978551448551449,0.0981558441558441,-0.0173230769230769,neutral
2021-02-10,72,0.015861591120693852,0.006620824929411073,-0.1006063936063936,0.8000599400599401,0.0993536463536463,0.01786993006993,neutral
2021-02-11,72,0.03619589945768498,-0.010833169426967881,-0.1029720279720279,0.7908621378621379,0.1061548451548451,0.0260448551448551,neutral
2021-02-12,72,0.020547892412475788,0.013689740463306288,-0.104040959040959,0.7962237762237762,0.0997262737262737,-0.009823976023976,neutral
2021-02-16,64,0.047651010491569945,0.006045031777532239,-0.0993796203796203,0.8081758241758242,0.0924345654345654,-0.0188453546453546,neutral
2021-02-17,64,0.0032030872411630273,0.0014062977324837966,-0.1023526473526473,0.8017132867132867,0.0959260739260739,-0.0081267732267732,neutral
2021-02-18,64,0.023627129172325123,0.0010213434084584971,-0.0976553446553446,0.801020979020979,0.1013276723276723,0.00675994005994,neutral
2021-02-19,64,0.044291893578279895,0.027292428130347934,-0.1036013986013986,0.8013176823176822,0.095066933066933,-0.0262861138861138,neutral
2021-02-22,70,-0.0029868122905719607,0.011669705479808945,-0.1083656343656343,0.7936553446553447,0.0979710289710289,-0.0285952047952047,neutral
2021-02-23,70,-0.0059916344080196415,0.006626591357016487,-0.1279510489510489,0.7761038961038962,0.0959550449550449,-0.0891165834165834,negative
2021-02-24,70,0.031946997092874296,0.016335535623869246,-0.1021588411588411,0.7981458541458542,0.0996913086913086,0.0078152847152847,neutral
2021-02-25,70,-0.044392534557601504,-0.023629616838220513,-0.0933556443556443,0.8047292707292707,0.1019140859140859,0.0472110889110889,neutral
2021-02-26,70,0.014058651201443118,-0.0012284824600317101,-0.1041578421578421,0.7944525474525475,0.1013886113886114,-0.0088858141858141,neutral
